{
  "cam1": {
    "cam": "cam1",
    "frame_idx": 300,
    "point_set": "FAR_DBL+SRV_SGL",
    "image_points_uv": [
      [
        956.0,
        432.0
      ],
      [
        1671.0,
        557.0
      ],
      [
        1332.0,
        680.0
      ],
      [
        710.0,
        517.0
      ]
    ],
    "object_points_xyz_m": [
      [
        11.885,
        -5.485,
        0.0
      ],
      [
        11.885,
        5.485,
        0.0
      ],
      [
        6.4,
        4.115,
        0.0
      ],
      [
        6.4,
        -4.115,
        0.0
      ]
    ],
    "K": [
      [
        1229.74,
        0.0,
        958.638
      ],
      [
        0.0,
        1238.286693,
        608.242
      ],
      [
        0.0,
        0.0,
        1.0
      ]
    ],
    "dist": [
      -0.357855,
      0.168493,
      0.000803859,
      -0.00118815,
      -0.044351
    ],
    "R": [
      [
        0.7126006493750827,
        0.7003747983827212,
        0.04093233807850821
      ],
      [
        -0.2483617996586286,
        0.1972713630785637,
        0.9483672420425818
      ],
      [
        0.6561377378116107,
        -0.6859731416750136,
        0.314522046794774
      ]
    ],
    "t": [
      -4.658895902180731,
      1.3131938035227537,
      7.429394750077612
    ],
    "camera_center_world_C": [
      -1.2286268430170093,
      8.10028300402325,
      -3.3913989268144027
    ],
    "reprojection_rmse_px": 1.0556972957582786,
    "depths_z_cam": [
      18.990154446056053,
      11.465029081881156,
      8.805896794079239,
      14.4514557500646
    ],
    "overlay_path": "/Users/nima/Documents/00Criont/Final/results/cam1_overlay.png"
  },
  "cam2": {
    "cam": "cam2",
    "frame_idx": 300,
    "point_set": "FAR_DBL+SRV_SGL",
    "image_points_uv": [
      [
        252.0,
        454.0
      ],
      [
        1031.0,
        399.0
      ],
      [
        1282.0,
        516.0
      ],
      [
        599.0,
        619.0
      ]
    ],
    "object_points_xyz_m": [
      [
        11.885,
        -5.485,
        0.0
      ],
      [
        11.885,
        5.485,
        0.0
      ],
      [
        6.4,
        4.115,
        0.0
      ],
      [
        6.4,
        -4.115,
        0.0
      ]
    ],
    "K": [
      [
        1306.9,
        0.0,
        979.777
      ],
      [
        0.0,
        1315.1596080000002,
        602.013
      ],
      [
        0.0,
        0.0,
        1.0
      ]
    ],
    "dist": [
      -0.342944,
      0.151555,
      0.0027106,
      -0.000412223,
      -0.0364068
    ],
    "R": [
      [
        -0.6660966750275985,
        0.7343584273346004,
        -0.13051022841076476
      ],
      [
        -0.32834584979293163,
        -0.1315949832764528,
        0.9353457987825827
      ],
      [
        0.6697045784828826,
        0.6658832184243139,
        0.32877852268653807
      ]
    ],
    "t": [
      4.628255871972392,
      1.680961261920763,
      7.279446208627147
    ],
    "camera_center_world_C": [
      -1.24027595322532,
      -8.024853704040263,
      -3.361570893707828
    ],
    "reprojection_rmse_px": 0.9213314586786594,
    "depths_z_cam": [
      11.586515670838844,
      18.891254576953568,
      14.305664954733647,
      8.825446067101543
    ],
    "overlay_path": "/Users/nima/Documents/00Criont/Final/results/cam2_overlay.png"
  },
  "cam3": {
    "cam": "cam3",
    "frame_idx": 300,
    "point_set": "FAR_DBL+SRV_SGL",
    "image_points_uv": [
      [
        746.0,
        460.0
      ],
      [
        1790.0,
        429.0
      ],
      [
        1530.0,
        636.0
      ],
      [
        605.0,
        637.0
      ]
    ],
    "object_points_xyz_m": [
      [
        11.885,
        -5.485,
        0.0
      ],
      [
        11.885,
        5.485,
        0.0
      ],
      [
        6.4,
        4.115,
        0.0
      ],
      [
        6.4,
        -4.115,
        0.0
      ]
    ],
    "K": [
      [
        2828.26,
        0.0,
        972.565
      ],
      [
        0.0,
        2844.522495,
        663.225
      ],
      [
        0.0,
        0.0,
        1.0
      ]
    ],
    "dist": [
      -0.290624,
      -0.266212,
      -0.00256938,
      0.00281078,
      1.39733
    ],
    "R": [
      [
        0.3762491791356949,
        0.9156014223034792,
        0.14181181430177908
      ],
      [
        -0.35427718127910973,
        0.0007454942622783234,
        0.9351401622554953
      ],
      [
        0.8561099427203525,
        -0.4020864082683611,
        0.32465718267305316
      ]
    ],
    "t": [
      -1.880546092728904,
      2.0496486448706577,
      17.706219548717915
    ],
    "camera_center_world_C": [
      -13.724772935413467,
      8.839732898260426,
      -7.398476467520393
    ],
    "reprojection_rmse_px": 1.3158474666205429,
    "depths_z_cam": [
      30.086530167301262,
      25.675642268597343,
      21.530737612103863,
      24.839908752152475
    ],
    "overlay_path": "/Users/nima/Documents/00Criont/Final/results/cam3_overlay.png"
  },
  "cam4": {
    "cam": "cam4",
    "frame_idx": 300,
    "point_set": "FAR_DBL+SRV_SGL",
    "image_points_uv": [
      [
        253.0,
        613.0
      ],
      [
        1225.0,
        558.0
      ],
      [
        1362.0,
        709.0
      ],
      [
        511.0,
        781.0
      ]
    ],
    "object_points_xyz_m": [
      [
        11.885,
        -5.485,
        0.0
      ],
      [
        11.885,
        5.485,
        0.0
      ],
      [
        6.4,
        4.115,
        0.0
      ],
      [
        6.4,
        -4.115,
        0.0
      ]
    ],
    "K": [
      [
        2600.69,
        0.0,
        977.591
      ],
      [
        0.0,
        2614.0055328000003,
        633.855
      ],
      [
        0.0,
        0.0,
        1.0
      ]
    ],
    "dist": [
      -0.329529,
      0.0357678,
      -0.00158048,
      0.0023238,
      0.768955
    ],
    "R": [
      [
        -0.3857911066696564,
        0.9211449045700747,
        -0.05154887776847933
      ],
      [
        -0.2737084196036358,
        -0.060917073081698914,
        0.9598816652302713
      ],
      [
        0.8810498981628008,
        0.3844231717674504,
        0.27562638109508164
      ]
    ],
    "t": [
      2.346416049171391,
      2.7146188284351407,
      17.2020283381743
    ],
    "camera_center_world_C": [
      -13.507604841867552,
      -8.608880848729461,
      -7.226090545737061
    ],
    "reprojection_rmse_px": 3.98635028914901,
    "depths_z_cam": [
      25.564745280694723,
      29.781867474983652,
      24.422649038239285,
      21.25884633459317
    ],
    "overlay_path": "/Users/nima/Documents/00Criont/Final/results/cam4_overlay.png"
  }
}