{
  "cam1": {
    "cam": "cam1",
    "frame_idx": 300,
    "point_set": "FAR_DBL+SRV_SGL",
    "image_points_uv": [
      [
        956.0,
        431.0
      ],
      [
        1671.0,
        559.0
      ],
      [
        1333.0,
        679.0
      ],
      [
        711.0,
        519.0
      ]
    ],
    "object_points_xyz_m": [
      [
        11.885,
        -5.485,
        0.0
      ],
      [
        11.885,
        5.485,
        0.0
      ],
      [
        6.4,
        4.115,
        0.0
      ],
      [
        6.4,
        -4.115,
        0.0
      ]
    ],
    "K": [
      [
        1229.74,
        0.0,
        958.638
      ],
      [
        0.0,
        1238.286693,
        608.242
      ],
      [
        0.0,
        0.0,
        1.0
      ]
    ],
    "dist": [
      -0.357855,
      0.168493,
      0.000803859,
      -0.00118815,
      -0.044351
    ],
    "R": [
      [
        0.7131784287920178,
        0.6997513993266922,
        0.04152719405503941
      ],
      [
        -0.24930048706831012,
        0.19782412941724004,
        0.9480057388897043
      ],
      [
        0.6551532613467264,
        -0.6864499930516768,
        0.31553226647381194
      ]
    ],
    "t": [
      -4.658737075326527,
      1.326951506439363,
      7.446264600826945
    ],
    "camera_center_world_C": [
      -1.2251240936745988,
      8.10894304451322,
      -3.414030111017004
    ],
    "reprojection_rmse_px": 2.3650079680289164,
    "depths_z_cam": [
      18.997939323821235,
      11.467582900044341,
      8.814503752038343,
      14.463987194853644
    ],
    "overlay_path": "/Users/nima/Documents/00Criont/Final/results/cam1_overlay.png"
  },
  "cam2": {
    "cam": "cam2",
    "frame_idx": 300,
    "point_set": "FAR_DBL+SRV_SGL",
    "image_points_uv": [
      [
        250.0,
        454.0
      ],
      [
        1031.0,
        399.0
      ],
      [
        1279.0,
        517.0
      ],
      [
        601.0,
        624.0
      ]
    ],
    "object_points_xyz_m": [
      [
        11.885,
        -5.485,
        0.0
      ],
      [
        11.885,
        5.485,
        0.0
      ],
      [
        6.4,
        4.115,
        0.0
      ],
      [
        6.4,
        -4.115,
        0.0
      ]
    ],
    "K": [
      [
        1306.9,
        0.0,
        979.777
      ],
      [
        0.0,
        1315.1596080000002,
        602.013
      ],
      [
        0.0,
        0.0,
        1.0
      ]
    ],
    "dist": [
      -0.342944,
      0.151555,
      0.0027106,
      -0.000412223,
      -0.0364068
    ],
    "R": [
      [
        -0.6652123284341208,
        0.7347200582793825,
        -0.1329623783677022
      ],
      [
        -0.33331808823679543,
        -0.1328662538392108,
        0.933405383873964
      ],
      [
        0.6681254449229,
        0.665231534544684,
        0.3332797553016109
      ]
    ],
    "t": [
      4.606609648179671,
      1.7371102564358931,
      7.304214083012429
    ],
    "camera_center_world_C": [
      -1.2367474840403656,
      -8.012758719987875,
      -3.4432689729633346
    ],
    "reprojection_rmse_px": 2.875148258788122,
    "depths_z_cam": [
      11.596090028943504,
      18.893679962898688,
      14.317644695170364,
      8.842789165867615
    ],
    "overlay_path": "/Users/nima/Documents/00Criont/Final/results/cam2_overlay.png"
  },
  "cam3": {
    "cam": "cam3",
    "frame_idx": 300,
    "point_set": "FAR_DBL+SRV_SGL",
    "image_points_uv": [
      [
        742.0,
        458.0
      ],
      [
        1791.0,
        432.0
      ],
      [
        1530.0,
        635.0
      ],
      [
        606.0,
        638.0
      ]
    ],
    "object_points_xyz_m": [
      [
        11.885,
        -5.485,
        0.0
      ],
      [
        11.885,
        5.485,
        0.0
      ],
      [
        6.4,
        4.115,
        0.0
      ],
      [
        6.4,
        -4.115,
        0.0
      ]
    ],
    "K": [
      [
        2828.26,
        0.0,
        972.565
      ],
      [
        0.0,
        2844.522495,
        663.225
      ],
      [
        0.0,
        0.0,
        1.0
      ]
    ],
    "dist": [
      -0.290624,
      -0.266212,
      -0.00256938,
      0.00281078,
      1.39733
    ],
    "R": [
      [
        0.3769466166007065,
        0.9155865290061158,
        0.14004483616261265
      ],
      [
        -0.3534122028965497,
        0.002414353901179722,
        0.9354645828352071
      ],
      [
        0.856160652609712,
        -0.402113763502038,
        0.3244895346927835
      ]
    ],
    "t": [
      -1.8965447112375158,
      2.0457322176093085,
      17.657112805824426
    ],
    "camera_center_world_C": [
      -13.679442381343248,
      8.8316797506366,
      -7.3776570605580645
    ],
    "reprojection_rmse_px": 1.695068470901849,
    "depths_z_cam": [
      30.03817615489953,
      25.62698816928217,
      21.481842845715697,
      24.79123911933747
    ],
    "overlay_path": "/Users/nima/Documents/00Criont/Final/results/cam3_overlay.png"
  },
  "cam4": {
    "cam": "cam4",
    "frame_idx": 300,
    "point_set": "FAR_DBL+SRV_SGL",
    "image_points_uv": [
      [
        256.0,
        612.0
      ],
      [
        1223.0,
        558.0
      ],
      [
        1363.0,
        708.0
      ],
      [
        509.0,
        778.0
      ]
    ],
    "object_points_xyz_m": [
      [
        11.885,
        -5.485,
        0.0
      ],
      [
        11.885,
        5.485,
        0.0
      ],
      [
        6.4,
        4.115,
        0.0
      ],
      [
        6.4,
        -4.115,
        0.0
      ]
    ],
    "K": [
      [
        2600.69,
        0.0,
        977.591
      ],
      [
        0.0,
        2614.0055328000003,
        633.855
      ],
      [
        0.0,
        0.0,
        1.0
      ]
    ],
    "dist": [
      -0.329529,
      0.0357678,
      -0.00158048,
      0.0023238,
      0.768955
    ],
    "R": [
      [
        -0.38646011469283204,
        0.9208306510486951,
        -0.05214874726050045
      ],
      [
        -0.27157488407358976,
        -0.05957692505234369,
        0.9605715342137324
      ],
      [
        0.8814168492217627,
        0.38538487527476195,
        0.27309858259873254
      ]
    ],
    "t": [
      2.351191802908771,
      2.684556566021179,
      17.24457240387804
    ],
    "camera_center_world_C": [
      -13.561956682379572,
      -8.650909238315357,
      -7.165565193235973
    ],
    "reprojection_rmse_px": 1.8378487679543014,
    "depths_z_cam": [
      25.60637561599662,
      29.83404769776076,
      24.471499000652965,
      21.299781477141675
    ],
    "overlay_path": "/Users/nima/Documents/00Criont/Final/results/cam4_overlay.png"
  }
}